<?xml version="1.0" encoding="UTF-8"?>

<!--Copyright (c) 2012 by Subset Games. All rights reserved.-->
<img x="-172" y="-173" w="700" h="700" />
<offsets>
	<floor x="350" y="350" />
	<cloak x="0" y="0" />
</offsets>
<weaponMounts>
	<mount x="307" y="172" rotate="false" mirror="false" gib="-1" slide="up" />
	<mount x="378" y="268" rotate="false" mirror="false" gib="-1" slide="right" />
	<mount x="279" y="267" rotate="false" mirror="true" gib="-1" slide="left" />
</weaponMounts>
<explosion />

