<?xml version="1.0" encoding="UTF-8"?>

<!--Copyright (c) 2012 by Subset Games. All rights reserved.-->
<img x="-36" y="-37" w="490" h="282" />
<offsets>
	<floor x="30" y="30" />
	<cloak x="0" y="0" />
</offsets>
<weaponMounts>
	<mount x="400" y="97" rotate="true" mirror="true" gib="-1" slide="up" />
	<mount x="400" y="187" rotate="true" mirror="false" gib="-1" slide="down" />
	<mount x="245" y="276" rotate="true" mirror="false" gib="-1" slide="down" />
	<mount x="245" y="9" rotate="true" mirror="true" gib="-1" slide="up" />
</weaponMounts>
<explosion />

