<?xml version="1.0" encoding="UTF-8"?>

<!--Copyright (c) 2012 by Subset Games. All rights reserved.-->
<img x="-155" y="-119" w="700" h="700" />
<offsets>
	<floor x="149" y="113" />
	<cloak x="0" y="0" />
</offsets>
<weaponMounts>
	<mount x="499" y="303" rotate="true" mirror="true" gib="-1" slide="up" />
	<mount x="499" y="361" rotate="true" mirror="false" gib="-1" slide="down" />
	<mount x="383" y="428" rotate="true" mirror="false" gib="-1" slide="down" />
	<mount x="383" y="233" rotate="true" mirror="true" gib="-1" slide="up" />
</weaponMounts>
<explosion />

