<?xml version="1.0" encoding="UTF-8"?>

<!--Copyright (c) 2012 by Subset Games. All rights reserved.-->
<img x="-163" y="-154" w="700" h="700" />
<offsets>
	<floor x="157" y="147" />
	<cloak x="0" y="0" />
</offsets>
<weaponMounts>
	<mount x="438" y="397" rotate="true" mirror="false" gib="-1" slide="down" />
	<mount x="438" y="264" rotate="true" mirror="true" gib="-1" slide="up" />
	<mount x="198" y="127" rotate="true" mirror="true" gib="-1" slide="up" />
	<mount x="198" y="536" rotate="true" mirror="false" gib="-1" slide="down" />
</weaponMounts>
<explosion />

