<?xml version="1.0" encoding="UTF-8"?>

<!--Copyright (c) 2012 by Subset Games. All rights reserved.-->
<img x="-173" y="-80" w="628" h="600" />
<offsets>
	<floor x="314" y="300" />
	<cloak x="6" y="14" />
</offsets>
<weaponMounts>
	<mount x="374" y="28" rotate="false" mirror="false" gib="-1" slide="up" />
	<mount x="251" y="27" rotate="false" mirror="true" gib="-1" slide="up" />
	<mount x="186" y="76" rotate="false" mirror="true" gib="-1" slide="left" />
	<mount x="446" y="73" rotate="false" mirror="false" gib="-1" slide="right" />
</weaponMounts>
<explosion />

