<?xml version="1.0" encoding="UTF-8"?>

<!--Copyright (c) 2012 by Subset Games. All rights reserved.-->
<img x="-162" y="-154" w="700" h="700" />
<offsets>
	<floor x="157" y="148" />
	<cloak x="0" y="0" />
</offsets>
<weaponMounts>
	<mount x="328" y="199" rotate="true" mirror="true" gib="-1" slide="up" />
	<mount x="462" y="384" rotate="true" mirror="false" gib="-1" slide="down" />
	<mount x="462" y="276" rotate="true" mirror="true" gib="-1" slide="up" />
	<mount x="328" y="459" rotate="true" mirror="false" gib="-1" slide="down" />
	<mount x="276" y="335" rotate="true" mirror="false" gib="-1" slide="no" />
</weaponMounts>
<explosion />

