<?xml version="1.0" encoding="UTF-8"?>

<!--Copyright (c) 2012 by Subset Games. All rights reserved.-->
<img x="-134" y="-138" w="600" h="628" />
<offsets>
	<floor x="128" y="133" />
	<cloak x="7" y="6" />
</offsets>
<weaponMounts>
	<mount x="574" y="238" rotate="true" mirror="true" gib="-1" slide="right" />
	<mount x="574" y="390" rotate="true" mirror="false" gib="-1" slide="right" />
	<mount x="532" y="186" rotate="true" mirror="true" gib="-1" slide="up" />
	<mount x="532" y="441" rotate="true" mirror="false" gib="-1" slide="down" />
</weaponMounts>
<explosion />

