<?xml version="1.0" encoding="UTF-8"?>

<!--Copyright (c) 2012 by Subset Games. All rights reserved.-->
<img x="-65" y="-173" w="600" h="628" />
<offsets>
	<floor x="60" y="168" />
	<cloak x="7" y="6" />
</offsets>
<weaponMounts>
	<mount x="577" y="237" rotate="true" mirror="true" gib="-1" slide="right" />
	<mount x="577" y="391" rotate="true" mirror="false" gib="-1" slide="right" />
	<mount x="540" y="187" rotate="true" mirror="true" gib="-1" slide="up" />
	<mount x="540" y="439" rotate="true" mirror="false" gib="-1" slide="down" />
</weaponMounts>
<explosion />

