<?xml version="1.0" encoding="UTF-8"?>

<!--Copyright (c) 2012 by Subset Games. All rights reserved.-->
<img x="-135" y="-152" w="700" h="700" />
<offsets>
	<floor x="350" y="350" />
	<cloak x="0" y="0" />
</offsets>
<weaponMounts>
	<mount x="308" y="154" rotate="false" mirror="false" gib="-1" slide="up" />
	<mount x="355" y="196" rotate="false" mirror="false" gib="-1" slide="right" />
	<mount x="303" y="196" rotate="false" mirror="true" gib="-1" slide="left" />
	<mount x="265" y="265" rotate="false" mirror="true" gib="-1" slide="left" />
	<mount x="395" y="265" rotate="false" mirror="false" gib="-1" slide="right" />
</weaponMounts>
<explosion />

