<?xml version="1.0" encoding="UTF-8"?>

<!--Copyright (c) 2012 by Subset Games. All rights reserved.-->
<img x="-18" y="-2" w="490" h="282" />
<offsets>
	<floor x="12" y="-5" />
	<cloak x="0" y="0" />
</offsets>
<weaponMounts>
	<mount x="393" y="92" rotate="true" mirror="true" gib="-1" slide="up" />
	<mount x="393" y="193" rotate="true" mirror="false" gib="-1" slide="down" />
	<mount x="278" y="258" rotate="true" mirror="false" gib="-1" slide="down" />
	<mount x="278" y="27" rotate="true" mirror="true" gib="-1" slide="up" />
</weaponMounts>
<explosion />

