<?xml version="1.0" encoding="UTF-8"?>

<!--Copyright (c) 2012 by Subset Games. All rights reserved.-->
<img x="-135" y="-138" w="600" h="628" />
<offsets>
	<floor x="129" y="132" />
	<cloak x="7" y="6" />
</offsets>
<weaponMounts>
	<mount x="576" y="239" rotate="true" mirror="true" gib="-1" slide="right" />
	<mount x="576" y="386" rotate="true" mirror="false" gib="-1" slide="right" />
	<mount x="504" y="450" rotate="true" mirror="false" gib="-1" slide="down" />
	<mount x="504" y="178" rotate="true" mirror="true" gib="-1" slide="up" />
</weaponMounts>
<explosion />

