<?xml version="1.0" encoding="UTF-8"?>

<!--Copyright (c) 2012 by Subset Games. All rights reserved.-->
<img x="-134" y="-138" w="600" h="628" />
<offsets>
	<floor x="128" y="133" />
	<cloak x="7" y="6" />
</offsets>
<weaponMounts>
	<mount x="565" y="220" rotate="true" mirror="true" gib="-1" slide="right" />
	<mount x="565" y="407" rotate="true" mirror="false" gib="-1" slide="right" />
	<mount x="525" y="185" rotate="true" mirror="true" gib="-1" slide="up" />
	<mount x="525" y="442" rotate="true" mirror="false" gib="-1" slide="down" />
</weaponMounts>
<explosion />

