<?xml version="1.0" encoding="UTF-8"?>

<!--Copyright (c) 2012 by Subset Games. All rights reserved.-->
<img x="-36" y="-68" w="282" h="490" />
<offsets>
	<floor x="141" y="245" />
	<cloak x="0" y="0" />
</offsets>
<weaponMounts>
	<mount x="250" y="199" rotate="false" mirror="false" gib="-1" slide="right" />
	<mount x="35" y="199" rotate="false" mirror="true" gib="-1" slide="left" />
	<mount x="97" y="91" rotate="false" mirror="true" gib="-1" slide="left" />
	<mount x="187" y="91" rotate="false" mirror="false" gib="-1" slide="right" />
</weaponMounts>
<explosion />

