<?xml version="1.0" encoding="UTF-8"?>

<!--Copyright (c) 2012 by Subset Games. All rights reserved.-->
<img x="-36" y="-17" w="490" h="282" />
<offsets>
	<floor x="30" y="11" />
	<cloak x="0" y="0" />
</offsets>
<weaponMounts>
	<mount x="436" y="118" rotate="true" mirror="true" gib="-1" slide="up" />
	<mount x="299" y="41" rotate="true" mirror="true" gib="-1" slide="up" />
	<mount x="436" y="167" rotate="true" mirror="false" gib="-1" slide="down" />
	<mount x="299" y="245" rotate="true" mirror="false" gib="-1" slide="down" />
</weaponMounts>
<explosion />

