<?xml version="1.0" encoding="UTF-8"?>

<!--Copyright (c) 2012 by Subset Games. All rights reserved.-->
<img x="-36" y="-36" w="490" h="282" />
<offsets>
	<floor x="30" y="30" />
	<cloak x="0" y="0" />
</offsets>
<weaponMounts>
	<mount x="393" y="192" rotate="true" mirror="false" gib="-1" slide="down" />
	<mount x="393" y="94" rotate="true" mirror="true" gib="-1" slide="up" />
	<mount x="329" y="58" rotate="true" mirror="true" gib="-1" slide="up" />
	<mount x="329" y="227" rotate="true" mirror="false" gib="-1" slide="down" />
</weaponMounts>
<explosion />

